{
  "data": "Moresco+2022 CC H(z), data/hz_cc.csv",
  "n": 27,
  "models": {
    "LCDM (H0,Om) k=2": {
      "chi2": 12.811956535385397,
      "k": 2,
      "AIC": 16.8119565353854,
      "params": {
        "H0": 68.77393642184855,
        "Om": 0.3167481924482703
      }
    },
    "MULTING [2,3,4] k=3": {
      "chi2": 13.29625980822386,
      "k": 3,
      "AIC": 19.29625980822386,
      "params": {
        "c2": 5889.233649051746,
        "c3": -2354.634225834964,
        "c4": 664.395242588127
      }
    },
    "MULTING [2,3] k=2": {
      "chi2": 13.78590630645526,
      "k": 2,
      "AIC": 17.78590630645526,
      "params": {
        "c2": 3892.3467871488324,
        "c3": 58.28298667319706
      }
    },
    "poly [0,3] k=2": {
      "chi2": 12.811956535385399,
      "k": 2,
      "AIC": 16.8119565353854,
      "params": {
        "c0": 3231.681532695855,
        "c3": 1498.1728058098615
      }
    },
    "poly [0,2,3,4] k=4": {
      "chi2": 11.880138022937361,
      "k": 4,
      "AIC": 19.88013802293736,
      "params": {
        "c0": 11964.977253240702,
        "c2": -20047.60727373671,
        "c3": 16946.53778058337,
        "c4": -3194.20296739903
      }
    }
  },
  "dAIC_MULT_minus_LCDM": 2.48430327283846,
  "labels": [
    "NOT_VALIDATION",
    "OUR_RECONSTRUCTION",
    "VERIFIED-real"
  ]
}